﻿<?xml version="1.0" encoding="UTF-8"?>
<METAMODELS>
	<METAMODEL> 
		<DBMS>Oracle</DBMS> 
		<NAME>gee_ace_meta_50138</NAME> 
		<DESCRIPTION>АРМ КИН 50138</DESCRIPTION> 
		<url>jdbc:oracle:thin:@geocad_oracle:1521:sati</url> 
		<user>gee_ace_meta_50138</user> 
		<schema>gee_ace_meta_50138</schema> 
		<password>geeacemeta50138</password> 
		<ALLOWFROM>ALL</ALLOWFROM> 
		<GROUPNAME>Эталонные модели АРМ КИН</GROUPNAME> 
	</METAMODEL>
	<METAMODEL>
		<DBMS>PostgreSQL</DBMS>
		<NAME>spb_ogd</NAME>
		<DESCRIPTION>Цифровой двойник</DESCRIPTION>
		<URL>jdbc:postgresql://postgres:5432/aa_mm</URL>
		<USER>nso</USER>
		<PASSWORD>nso</PASSWORD>
		<ALLOWFROM>ALL</ALLOWFROM>
		<ALLOWFROM>192.168.0.1-192.168.0.255</ALLOWFROM>
		<SCHEMA>spb_ogd</SCHEMA>
		<GROUPNAME>Эталонные модели</GROUPNAME>
	</METAMODEL>
    <METAMODEL>
        <DBMS>Oracle</DBMS>
        <NAME>gee_ccb_meta</NAME>
        <DESCRIPTION>КУМИ</DESCRIPTION>
        <url>jdbc:oracle:thin:@geocad_oracle:1521:sati</url>
        <user>gee_ccb_meta</user>
        <schema>gee_ccb_meta</schema>
        <password>geeccbmeta</password>
	<ALLOWFROM>ALL</ALLOWFROM>
	<GROUPNAME>Эталонные модели</GROUPNAME>
    </METAMODEL>
    <METAMODEL>
        <DBMS>Oracle</DBMS>
        <URL>jdbc:oracle:thin:ene_meta/enemeta@geocad_oracle:1521:sati</URL>
        <NAME>ene23_meta</NAME>
        <DESCRIPTION>ENE Новосибирскэнерго</DESCRIPTION>
	<SCHEMA>ene_meta</SCHEMA> 
        <ALLOWFROM>ALL</ALLOWFROM>
	<STATISTIC>meta</STATISTIC>
    </METAMODEL>
    <METAMODEL>
        <DBMS>Oracle</DBMS>
        <URL>jdbc:oracle:thin:tomsk_meta/tomskmeta@geocad_oracle:1521:sati</URL>
        <NAME>tomsk_meta</NAME>
        <DESCRIPTION>ОГД Томск</DESCRIPTION>
        <JNDI>datasources/MetaDataOgd</JNDI>
        <ALLOWFROM>ALL</ALLOWFROM>
    </METAMODEL>
    <METAMODEL>
        <DBMS>Oracle</DBMS>
        <NAME>gee_ccb_meta_kras</NAME>
        <DESCRIPTION>Эталон КУМИ Красноярск</DESCRIPTION>
        <url>jdbc:oracle:thin:@geocad_oracle:1521:sati</url>
        <user>gee_ccb_meta_kras</user>
        <schema>gee_ccb_meta_kras</schema>
        <password>geeccbmetakras</password>
        <ALLOWFROM>ALL</ALLOWFROM>
    </METAMODEL>
	<METAMODEL>
        <DBMS>Oracle</DBMS>
        <NAME>gee_ogd_meta_nso</NAME>
        <DESCRIPTION>Эталон ОГД НСО</DESCRIPTION>
        <url>jdbc:oracle:thin:@geocad_oracle:1521:sati</url>
        <user>gee_ogd_meta_nso</user>
        <schema>gee_ogd_meta_nso</schema>
        <password>geeogdmetanso</password>
		<ALLOWFROM>ALL</ALLOWFROM>
    </METAMODEL>
    <METAMODEL>
        <DBMS>Oracle</DBMS>
        <NAME>gee_mng_meta</NAME>
        <DESCRIPTION>Славнефть МНГ</DESCRIPTION>
        <url>jdbc:oracle:thin:@geocad_oracle:1521:sati</url>
        <user>gee_mng_meta</user>
        <schema>gee_mng_meta</schema>
        <password>geemngmeta</password>
		<ALLOWFROM>ALL</ALLOWFROM>
		<GROUPNAME>Эталонные модели</GROUPNAME>
    </METAMODEL>
	<METAMODEL>
		<DBMS>PostgreSQL</DBMS> 
		<NAME>ccb_pgsql</NAME> 
		<DESCRIPTION>КУМИ Комсомольск</DESCRIPTION> 
		<URL>jdbc:postgresql://virtualdb:5432/komsomolsk</URL> 
		<USER>komsomolsk</USER> 
		<PASSWORD>komsomolsk</PASSWORD> 
		<ALLOWFROM>ALL</ALLOWFROM> 
		<SCHEMA>meta_ccb</SCHEMA> 
    </METAMODEL>
	<METAMODEL>
		<DBMS>PostgreSQL</DBMS>
		<NAME>abakan_mm_ogd</NAME>
		<DESCRIPTION>Абакан ОГД</DESCRIPTION>
		<URL>jdbc:postgresql://virtualdb:5432/abakan</URL>
		<USER>abakan</USER>
		<PASSWORD>abakan</PASSWORD>
		<SCHEMA>mm_ogd</SCHEMA>
		<ALLOWFROM>ALL</ALLOWFROM>
	</METAMODEL>
	<METAMODEL>
		<DBMS>PostgreSQL</DBMS>
		<NAME>portal3d</NAME>
		<DESCRIPTION>Мариуполь</DESCRIPTION>
		<URL>jdbc:postgresql://postgres:5432/aa_mm</URL> 
		<USER>nso</USER>
		<PASSWORD>nso</PASSWORD>
		<ALLOWFROM>192.168.0.1-192.168.0.255</ALLOWFROM>
		<SCHEMA>portal3d</SCHEMA>
		<ALLOWFROM>ALL</ALLOWFROM>
	</METAMODEL>
	<METAMODEL>
        <DBMS>Oracle</DBMS>
        <NAME>gee_btinso_meta</NAME>
        <DESCRIPTION>БТИ НСО</DESCRIPTION>
        <url>jdbc:oracle:thin:@geocad_oracle:1521:sati</url>
        <user>gee_btinsk_meta</user>
        <schema>gee_btinsk_meta</schema>
        <password>geebtinskmeta</password>
        <ALLOWFROM>ALL</ALLOWFROM>
    </METAMODEL>
	<METAMODEL>
		<DBMS>Oracle</DBMS> <URL>jdbc:oracle:thin:gee_spr_meta/geesprmeta@geocad_oracle:1521:sati</URL>
		<NAME>SPR</NAME>
		<DESCRIPTION>ДИЗО НСО</DESCRIPTION>
		<SCHEMA>gee_spr_meta</SCHEMA> 
		<ALLOWFROM>ALL</ALLOWFROM>
	</METAMODEL>
	<METAMODEL>
		<DBMS>Oracle</DBMS>
		<NAME>gee_apl_meta</NAME>
		<DESCRIPTION>Адресный план на основе ФИАС</DESCRIPTION>
		<url>jdbc:oracle:thin:@geocad_oracle:1521:sati</url>
		<user>gee_apl_meta</user>
		<schema>gee_apl_meta</schema>
		<password>geeaplmeta</password>
		<ALLOWFROM>192.168.0.0-192.168.0.254</ALLOWFROM>
		<ALLOWFROM>127.0.0.1</ALLOWFROM>
		<GROUPNAME>Эталонные модели</GROUPNAME>
	</METAMODEL>
	<METAMODEL>
		<DBMS>Oracle</DBMS>
		<NAME>gee_agr_meta</NAME>
		<DESCRIPTION>Учет и мониторинг с/х земель</DESCRIPTION>
		<url>jdbc:oracle:thin:@geocad_oracle:1521:sati</url>
		<user>gee_agr_meta</user>
		<schema>gee_agr_meta</schema>
		<password>geeagrmeta</password>
		<ALLOWFROM>ALL</ALLOWFROM>
	</METAMODEL>
	<METAMODEL>
		<DBMS>Oracle</DBMS>
		<NAME>gee_ccb_meta_nso</NAME>
		<DESCRIPTION>КУМИ НСО</DESCRIPTION>
		<url>jdbc:oracle:thin:@geocad_oracle:1521:sati</url>
		<user>gee_ccb_meta_nso</user>
		<schema>gee_ccb_meta_nso</schema>
		<password>geeccbmetanso</password>
		<ALLOWFROM>ALL</ALLOWFROM>
	</METAMODEL>
	<METAMODEL>
		<DBMS>Oracle</DBMS>
		<NAME>gee_isogd_meta</NAME>
		<DESCRIPTION>ИСОГД</DESCRIPTION>
		<url>jdbc:oracle:thin:@geocad_oracle:1521:sati</url>
		<user>gee_isogd_meta</user>
		<schema>gee_isogd_meta</schema>
		<password>geeisogdmeta</password>
		<ALLOWFROM>192.168.0.0-192.168.0.254</ALLOWFROM>
		<ALLOWFROM>127.0.0.1</ALLOWFROM>
	</METAMODEL>
	<METAMODEL>
		<DBMS>PostgreSQL</DBMS>
		<NAME>alanya_mm</NAME>
		<DESCRIPTION>РГИС Алания</DESCRIPTION>
		<URL>jdbc:postgresql://virtualdb:5432/alanya</URL>
		<USER>nso</USER>
		<PASSWORD>nso</PASSWORD>
		<ALLOWFROM>ALL</ALLOWFROM>
		<SCHEMA>mm_alanya</SCHEMA>
	</METAMODEL>
	<METAMODEL> 
		<DBMS>PostgreSQL</DBMS> 
		<NAME>gee_ogd_meta_nsk3</NAME> 
		<DESCRIPTION>ОГД Новосибирск город</DESCRIPTION> 
		<URL>jdbc:postgresql://postgres:5432/nsk</URL> 
		<USER>nso</USER> 
		<PASSWORD>nso</PASSWORD> 
		<ALLOWFROM>ALL</ALLOWFROM>
		<SCHEMA>gee_ogd_meta_nsk3</SCHEMA> 
    </METAMODEL>
	<METAMODEL>
		<DBMS>PostgreSQL</DBMS>
		<NAME>gisogd_2021</NAME>
		<DESCRIPTION>ГИСОГД 2.0</DESCRIPTION>
		<URL>jdbc:postgresql://postgres:5432/aa_mm</URL>
		<USER>nso</USER>
		<PASSWORD>nso</PASSWORD>
		<ALLOWFROM>ALL</ALLOWFROM>
		<SCHEMA>gisogd_2021</SCHEMA>
	</METAMODEL>
	<METAMODEL>
		<DBMS>PostgreSQL</DBMS>
		<NAME>spb_ogd</NAME>
		<DESCRIPTION>Санкт-Петербург</DESCRIPTION>
		<URL>jdbc:postgresql://postgres:5432/aa_mm</URL>
		<USER>nso</USER>
		<PASSWORD>nso</PASSWORD>
		<ALLOWFROM>ALL</ALLOWFROM>
		<SCHEMA>spb_ogd</SCHEMA>
	</METAMODEL>
	<METAMODEL>
		<DBMS>Oracle</DBMS>
		<NAME>gee_kgis_rzd_meta</NAME>
		<DESCRIPTION>КГИС РЖД</DESCRIPTION>
		<url>jdbc:oracle:thin:@geocad_oracle:1521:sati</url>
		<user>gee_kgis_rzd_meta</user>
		<schema>gee_kgis_rzd_meta</schema>
		<password>geekgisrzdmeta</password>
		<ALLOWFROM>ALL</ALLOWFROM>
	</METAMODEL>
	
	<METAMODEL>
		<DBMS>Oracle</DBMS>
		<NAME>gee_keys</NAME>
		<DESCRIPTION>Ключи</DESCRIPTION>
		<url>jdbc:oracle:thin:@geocad_oracle:1521:sati</url>
		<user>gee_keys</user>
		<schema>gee_keys</schema>
		<password>geekeys</password>
		<ALLOWFROM>ALL</ALLOWFROM>
	</METAMODEL>
	<METAMODEL>
		<DBMS>PostgreSQL</DBMS>
		<NAME>aa_mm_tax</NAME>
		<DESCRIPTION>Анализ налоговых поступлений</DESCRIPTION>
		<URL>jdbc:postgresql://postgres:5432/aa_mm</URL>
		<USER>nso</USER>
		<PASSWORD>nso</PASSWORD>
		<ALLOWFROM>ALL</ALLOWFROM>
		<SCHEMA>tax</SCHEMA>
	</METAMODEL>
	<METAMODEL>
		<DBMS>Oracle</DBMS>
		<NAME>spu_meta</NAME>
		<DESCRIPTION>НСО ДИЗО Юридические лица</DESCRIPTION>
		<url>jdbc:oracle:thin:@geocad_oracle:1521:sati</url>
		<user>spu_meta</user>
		<schema>spu_meta</schema>
		<password>spumeta</password>
		<ALLOWFROM>ALL</ALLOWFROM>
		<GROUPNAME>Территории</GROUPNAME>
	</METAMODEL>
	<METAMODEL>
        <DBMS>Oracle</DBMS>
        <NAME>gee_kgis_rzd_meta</NAME>
        <DESCRIPTION>КГИС РЖД</DESCRIPTION>
        <url>jdbc:oracle:thin:@geocad_oracle:1521:sati</url>
        <user>gee_kgis_rzd_meta</user>
        <schema>gee_kgis_rzd_meta</schema>
        <password>geekgisrzdmeta</password>
		<ALLOWFROM>ALL</ALLOWFROM>
    </METAMODEL>
	<METAMODEL>
		<DBMS>PostgreSQL</DBMS>
		<NAME>webportal</NAME>
		<DESCRIPTION>Веб портал</DESCRIPTION>
		<URL>jdbc:postgresql://postgres:5432/webportal</URL>
		<USER>nso</USER>
		<PASSWORD>nso</PASSWORD>
		<ALLOWFROM>ALL</ALLOWFROM>
		<SCHEMA>webportal_mm</SCHEMA>
	</METAMODEL>
	<METAMODEL>
		<DBMS>PostgreSQL</DBMS>
		<NAME>blago</NAME>
		<DESCRIPTION>Благовещенск МГИС</DESCRIPTION>
		<URL>jdbc:postgresql://postgres:5432/aa_mm</URL>
		<USER>nso</USER>
		<PASSWORD>nso</PASSWORD>
		<ALLOWFROM>ALL</ALLOWFROM>
		<SCHEMA>blago</SCHEMA>
	</METAMODEL>
</METAMODELS>
